	dG_virus	dG_host	RNAseq_F-OH	RNAseq_R-OH	RNAseqX_host-OH	ddG	dGx_host	RNAseqXrc_host-OH
ACACTACAGCTGATGCATACA	-41.910000000000004	-27.720000000000006	ACACUACAGCUGAUGCAUACA	UGUAUGCAUCAGCUGUAGUGU	AUCUACAUAUCUAUAACAUAC	36.49	-5.42	GUAUGUUAUAGAUAUGUAGAU
ACTACAGCTGATGCATACATA	-39.99	-26.270000000000003	ACUACAGCUGAUGCAUACAUA	UAUGUAUGCAUCAGCUGUAGU	AUCUACAUAUCUAUAACAUAC	36.65	-3.3400000000000003	GUAUGUUAUAGAUAUGUAGAU
ATGTATGCATCAGCTGTAGTG	-40.77	-28.60000000000001	AUGUAUGCAUCAGCUGUAGUG	CACUACAGCUGAUGCAUACAU	AUCUACAUAUCUAUAACAUAC	30.690000000000005	-10.08	GUAUGUUAUAGAUAUGUAGAU
CTGTAGCGACTGTATGCAGCA	-44.32	-26.650000000000006	CUGUAGCGACUGUAUGCAGCA	UGCUGCAUACAGUCGCUACAG	AUCUACAUAUCUAUAACAUAC	39.81	-4.51	GUAUGUUAUAGAUAUGUAGAU
ACTAGTACTGATGTCGTATAC	-38.480000000000004	-22.020000000000003	ACUAGUACUGAUGUCGUAUAC	GUAUACGACAUCAGUACUAGU	AUCUACAUAUCUAUAACAUAC	27.020000000000003	-11.46	GUAUGUUAUAGAUAUGUAGAU
CTAGTACTGATGTCGTATACA	-38.35	-23.03	CUAGUACUGAUGUCGUAUACA	UGUAUACGACAUCAGUACUAG	AUCUACAUAUCUAUAACAUAC	36.27	-2.08	GUAUGUUAUAGAUAUGUAGAU
CTGTATACGACATCAGTACTA	-38.35	-20.980000000000004	CUGUAUACGACAUCAGUACUA	UAGUACUGAUGUCGUAUACAG	AUCUACAUAUCUAUAACAUAC	33.68	-4.67	GUAUGUUAUAGAUAUGUAGAU
AGCTGTATACACTATGCGAGC	-42.53	-24.520000000000003	AGCUGUAUACACUAUGCGAGC	GCUCGCAUAGUGUAUACAGCU	AUCUACAUAUCUAUAACAUAC	36.76	-5.7700000000000005	GUAUGUUAUAGAUAUGUAGAU
ATAGTACTACAGATAGAGACA	-38.150000000000006	-23.410000000000004	AUAGUACUACAGAUAGAGACA	UGUCUCUAUCUGUAGUACUAU	AUCUACAUAUCUAUAACAUAC	29.130000000000006	-9.02	GUAUGUUAUAGAUAUGUAGAU
CATAGTACTACAGATAGAGAC	-38.15	-26.410000000000004	CAUAGUACUACAGAUAGAGAC	GUCUCUAUCUGUAGUACUAUG	AUCUACAUAUCUAUAACAUAC	34.809999999999995	-3.3400000000000003	GUAUGUUAUAGAUAUGUAGAU
CGACGACGACTACTAGCGTGC	-45.54	-21.5	CGACGACGACUACUAGCGUGC	GCACGCUAGUAGUCGUCGUCG	AUCUACAUAUCUAUAACAUAC	41.86	-3.68	GUAUGUUAUAGAUAUGUAGAU
CTCTATCTGTAGTACTATGAC	-38.15	-25.020000000000003	CUCUAUCUGUAGUACUAUGAC	GUCAUAGUACUACAGAUAGAG	AUCUACAUAUCUAUAACAUAC	34.739999999999995	-3.41	GUAUGUUAUAGAUAUGUAGAU
CTGCTCGCATAGTGTATACAG	-41.22	-26.410000000000004	CUGCUCGCAUAGUGUAUACAG	CUGUAUACACUAUGCGAGCAG	AUCUACAUAUCUAUAACAUAC	38.04	-3.18	GUAUGUUAUAGAUAUGUAGAU
GCTGTATACACTATGCGAGCA	-42.56	-24.96	GCUGUAUACACUAUGCGAGCA	UGCUCGCAUAGUGUAUACAGC	AUCUACAUAUCUAUAACAUAC	40.13	-2.43	GUAUGUUAUAGAUAUGUAGAU
GTGTCTCTATCTGTAGTACTA	-39.29	-28.640000000000008	GUGUCUCUAUCUGUAGUACUA	UAGUACUACAGAUAGAGACAC	AUCUACAUAUCUAUAACAUAC	32.19	-7.1	GUAUGUUAUAGAUAUGUAGAU
TCATAGTACTACAGATAGAGA	-38.26	-21.96	UCAUAGUACUACAGAUAGAGA	UCUCUAUCUGUAGUACUAUGA	AUCUACAUAUCUAUAACAUAC	35.83	-2.43	GUAUGUUAUAGAUAUGUAGAU
TCTGCTCGCATAGTGTATACA	-41.49	-26.410000000000004	UCUGCUCGCAUAGUGUAUACA	UGUAUACACUAUGCGAGCAGA	AUCUACAGAUCCACCAUAGAC	38.15	-3.3400000000000003	GUCUAUGGUGGAUCUGUAGAU
AGTCACATCTGTGACATCACA	-41.730000000000004	-29.32	AGUCACAUCUGUGACAUCACA	UGUGAUGUCACAGAUGUGACU	AUCUACAUAUCUAUAACAUAC	31.970000000000006	-9.76	GUAUGUUAUAGAUAUGUAGAU
ACTCGTGACATAGCATCTACA	-41.33	-26.310000000000002	ACUCGUGACAUAGCAUCUACA	UGUAGAUGCUAUGUCACGAGU	AUCUACAUAUCUAUAACAUAC	34.78	-6.550000000000001	GUAUGUUAUAGAUAUGUAGAU
CTCGTGACATAGCATCTACAG	-41.17	-27.380000000000003	CUCGUGACAUAGCAUCUACAG	CUGUAGAUGCUAUGUCACGAG	AUCUACAUAUCUAUAACAUAC	37.99	-3.18	GUAUGUUAUAGAUAUGUAGAU
ATACGACATCAGTACTAGTGC	-40.44	-21.26	AUACGACAUCAGUACUAGUGC	GCACUAGUACUGAUGUCGUAU	AUCUACAUAUCUAUAACAUAC	36.68	-3.7600000000000002	GUAUGUUAUAGAUAUGUAGAU
ATCGACATAGCGAGTGTATGC	-41.78	-24.550000000000004	AUCGACAUAGCGAGUGUAUGC	GCAUACACUCGCUAUGUCGAU	AUCUACAUAUCUAUAACAUAC	33.81	-7.970000000000001	GUAUGUUAUAGAUAUGUAGAU
